ID,Pd,Pchp1,Pchp2,Pboiler,Pstorage
1,2.5,2.155,2.155,0.0,1.8099999999999996
2,2.14851,0.0,0.0,0.0,-2.14851
3,2.44962354,2.155,2.155,0.0,1.8603764599999995
4,2.58632908716,0.0,0.0,0.0,-2.58632908716
1,2.5,2.155,2.155,0.0,1.8099999999999996
2,2.14851,0.0,0.0,0.0,-2.14851
